protocol,method,source_summary,planned,executed,completed_full_horizon,success_ever,success_at_horizon,coverage,absolute_position_error_cm,scope,population_feedback_benefit
full_horizon_feedback_diagnostic,REF_NATIVE,/group/worldcept/code/SimAny/outputs/icra2027/20260906-ef32118-v2/sim_recon_sim/scale_up/full_horizon_summary.json,2,2,2,2,2,1.0,,two original DEV instances; binding-specific native success; relative dynamics diagnostics,NOT_RUN
full_horizon_feedback_diagnostic,REF_IMPORT_CONTROL,/group/worldcept/code/SimAny/outputs/icra2027/20260906-ef32118-v2/sim_recon_sim/scale_up/full_horizon_summary.json,2,2,2,2,2,1.0,,two original DEV instances; binding-specific native success; relative dynamics diagnostics,NOT_RUN
full_horizon_feedback_diagnostic,B0_FIXED_NATIVE_REPLAY,/group/worldcept/code/SimAny/outputs/icra2027/20260906-ef32118-v2/sim_recon_sim/scale_up/full_horizon_summary.json,2,2,2,1,1,1.0,,two original DEV instances; binding-specific native success; relative dynamics diagnostics,NOT_RUN
full_horizon_feedback_diagnostic,B0_FIXED_NATIVE,/group/worldcept/code/SimAny/outputs/icra2027/20260906-ef32118-v2/sim_recon_sim/scale_up/full_horizon_summary.json,2,2,2,1,1,1.0,,two original DEV instances; binding-specific native success; relative dynamics diagnostics,NOT_RUN
full_horizon_feedback_diagnostic,REF_NATIVE,/group/worldcept/code/SimAny/outputs/icra2027/20260906-0c404ab-v4/sim_recon_sim/scale_up/full_horizon_summary.json,1,1,1,1,1,1.0,,single predeclared DEV whisk canonical; raw native success is binding-specific; relative TRAIN-marker diagnostics remove initial pose error; no population conclusion,NOT_RUN
full_horizon_feedback_diagnostic,REF_IMPORT_CONTROL,/group/worldcept/code/SimAny/outputs/icra2027/20260906-0c404ab-v4/sim_recon_sim/scale_up/full_horizon_summary.json,1,1,1,1,1,1.0,,single predeclared DEV whisk canonical; raw native success is binding-specific; relative TRAIN-marker diagnostics remove initial pose error; no population conclusion,NOT_RUN
full_horizon_feedback_diagnostic,B0_FIXED_NATIVE_REPLAY,/group/worldcept/code/SimAny/outputs/icra2027/20260906-0c404ab-v4/sim_recon_sim/scale_up/full_horizon_summary.json,1,1,1,0,0,1.0,,single predeclared DEV whisk canonical; raw native success is binding-specific; relative TRAIN-marker diagnostics remove initial pose error; no population conclusion,NOT_RUN
full_horizon_feedback_diagnostic,B0_FIXED_NATIVE,/group/worldcept/code/SimAny/outputs/icra2027/20260906-0c404ab-v4/sim_recon_sim/scale_up/full_horizon_summary.json,1,1,1,0,0,1.0,,single predeclared DEV whisk canonical; raw native success is binding-specific; relative TRAIN-marker diagnostics remove initial pose error; no population conclusion,NOT_RUN
full_horizon_feedback_diagnostic,OBSERVED_SURFACE_NATIVE_REPLAY,/group/worldcept/code/SimAny/outputs/icra2027/20260906-0c404ab-v4/sim_recon_sim/scale_up/full_horizon_summary.json,1,1,1,1,1,1.0,,single predeclared DEV whisk canonical; raw native success is binding-specific; relative TRAIN-marker diagnostics remove initial pose error; no population conclusion,NOT_RUN
full_horizon_feedback_diagnostic,OBSERVED_SURFACE_NATIVE,/group/worldcept/code/SimAny/outputs/icra2027/20260906-0c404ab-v4/sim_recon_sim/scale_up/full_horizon_summary.json,1,1,1,1,1,1.0,,single predeclared DEV whisk canonical; raw native success is binding-specific; relative TRAIN-marker diagnostics remove initial pose error; no population conclusion,NOT_RUN
