canonical_instance_id,stage,seconds,construction_status,whole_method_seconds,accounting_basis,incremental_construction_compute_for_table_release_seconds,reuse_discount_applied
native-39a82995c6ca1c9c3802a4c981f14caaa31720fcb532d3fd7c3305b06d85eb30,B0_segment_wrapper,25.20868809008971,BUILT,,original producer wall time; reused prerequisites remain charged,0.0,False
native-39a82995c6ca1c9c3802a4c981f14caaa31720fcb532d3fd7c3305b06d85eb30,B0_generate_wrapper,46.587951072026044,BUILT,,original producer wall time; reused prerequisites remain charged,0.0,False
native-39a82995c6ca1c9c3802a4c981f14caaa31720fcb532d3fd7c3305b06d85eb30,B0_align_wrapper,27.779239737894386,BUILT,,original producer wall time; reused prerequisites remain charged,0.0,False
native-39a82995c6ca1c9c3802a4c981f14caaa31720fcb532d3fd7c3305b06d85eb30,shared_RVG_wrapper,58.738378992071375,BUILT,,original producer wall time; reused prerequisites remain charged,0.0,False
native-39a82995c6ca1c9c3802a4c981f14caaa31720fcb532d3fd7c3305b06d85eb30,shared_RVG_inference_nested,11.713911533355713,BUILT,,original producer wall time; reused prerequisites remain charged,0.0,False
native-39a82995c6ca1c9c3802a4c981f14caaa31720fcb532d3fd7c3305b06d85eb30,shared_selection,,BUILT,,original producer wall time; reused prerequisites remain charged,0.0,False
native-39a82995c6ca1c9c3802a4c981f14caaa31720fcb532d3fd7c3305b06d85eb30,separate_CoACD,,BUILT,,original producer wall time; reused prerequisites remain charged,0.0,False
native-272e1038781f1b506972928157cf1e33d5b2c22d45d87a4bf20fc8891e6a3737,B0_segment_wrapper,16.885432954877615,BUILT,,original producer wall time; reused prerequisites remain charged,0.0,False
native-272e1038781f1b506972928157cf1e33d5b2c22d45d87a4bf20fc8891e6a3737,B0_generate_wrapper,79.25487237703055,BUILT,,original producer wall time; reused prerequisites remain charged,0.0,False
native-272e1038781f1b506972928157cf1e33d5b2c22d45d87a4bf20fc8891e6a3737,B0_align_wrapper,72.37013618089259,BUILT,,original producer wall time; reused prerequisites remain charged,0.0,False
native-272e1038781f1b506972928157cf1e33d5b2c22d45d87a4bf20fc8891e6a3737,shared_RVG_wrapper,68.57202102686279,BUILT,,original producer wall time; reused prerequisites remain charged,0.0,False
native-272e1038781f1b506972928157cf1e33d5b2c22d45d87a4bf20fc8891e6a3737,shared_RVG_inference_nested,15.914346933364868,BUILT,,original producer wall time; reused prerequisites remain charged,0.0,False
native-272e1038781f1b506972928157cf1e33d5b2c22d45d87a4bf20fc8891e6a3737,shared_selection,,BUILT,,original producer wall time; reused prerequisites remain charged,0.0,False
native-272e1038781f1b506972928157cf1e33d5b2c22d45d87a4bf20fc8891e6a3737,separate_CoACD,,BUILT,,original producer wall time; reused prerequisites remain charged,0.0,False
native-2ba28fa16522e53d750d5ce696448f131ea2116e4bae15bd6aa8fa0d68490c9f,B0_segment_wrapper,25.191938385134563,BUILT,,original producer wall time; reused prerequisites remain charged,0.0,False
native-2ba28fa16522e53d750d5ce696448f131ea2116e4bae15bd6aa8fa0d68490c9f,B0_generate_wrapper,50.1830567040015,BUILT,,original producer wall time; reused prerequisites remain charged,0.0,False
native-2ba28fa16522e53d750d5ce696448f131ea2116e4bae15bd6aa8fa0d68490c9f,B0_align_wrapper,32.927836809074506,BUILT,,original producer wall time; reused prerequisites remain charged,0.0,False
native-2ba28fa16522e53d750d5ce696448f131ea2116e4bae15bd6aa8fa0d68490c9f,shared_RVG_wrapper,67.11626746878028,BUILT,,original producer wall time; reused prerequisites remain charged,0.0,False
native-2ba28fa16522e53d750d5ce696448f131ea2116e4bae15bd6aa8fa0d68490c9f,shared_RVG_inference_nested,12.982511758804321,BUILT,,original producer wall time; reused prerequisites remain charged,0.0,False
native-2ba28fa16522e53d750d5ce696448f131ea2116e4bae15bd6aa8fa0d68490c9f,shared_selection,,BUILT,,original producer wall time; reused prerequisites remain charged,0.0,False
native-2ba28fa16522e53d750d5ce696448f131ea2116e4bae15bd6aa8fa0d68490c9f,separate_CoACD,,BUILT,,original producer wall time; reused prerequisites remain charged,0.0,False
native-8becd0a1c1032a80bf88fe97aa35387cc1db28f448caca69470fbe6e7fca0c2d,B0_segment_wrapper,27.39432998606935,BUILT,,original producer wall time; reused prerequisites remain charged,0.0,False
native-8becd0a1c1032a80bf88fe97aa35387cc1db28f448caca69470fbe6e7fca0c2d,B0_generate_wrapper,49.36232480709441,BUILT,,original producer wall time; reused prerequisites remain charged,0.0,False
native-8becd0a1c1032a80bf88fe97aa35387cc1db28f448caca69470fbe6e7fca0c2d,B0_align_wrapper,27.37081608711742,BUILT,,original producer wall time; reused prerequisites remain charged,0.0,False
native-8becd0a1c1032a80bf88fe97aa35387cc1db28f448caca69470fbe6e7fca0c2d,shared_RVG_wrapper,55.96586205391213,BUILT,,original producer wall time; reused prerequisites remain charged,0.0,False
native-8becd0a1c1032a80bf88fe97aa35387cc1db28f448caca69470fbe6e7fca0c2d,shared_RVG_inference_nested,13.563976287841797,BUILT,,original producer wall time; reused prerequisites remain charged,0.0,False
native-8becd0a1c1032a80bf88fe97aa35387cc1db28f448caca69470fbe6e7fca0c2d,shared_selection,,BUILT,,original producer wall time; reused prerequisites remain charged,0.0,False
native-8becd0a1c1032a80bf88fe97aa35387cc1db28f448caca69470fbe6e7fca0c2d,separate_CoACD,,BUILT,,original producer wall time; reused prerequisites remain charged,0.0,False
native-81816f719042c6b760d35370c95161de41ed89d16b07cf23a2730218147dfa92,B0_segment_wrapper,25.285738643957302,BUILT,,original producer wall time; reused prerequisites remain charged,0.0,False
native-81816f719042c6b760d35370c95161de41ed89d16b07cf23a2730218147dfa92,B0_generate_wrapper,48.34237231896259,BUILT,,original producer wall time; reused prerequisites remain charged,0.0,False
native-81816f719042c6b760d35370c95161de41ed89d16b07cf23a2730218147dfa92,B0_align_wrapper,6.030769283883274,BUILT,,original producer wall time; reused prerequisites remain charged,0.0,False
native-81816f719042c6b760d35370c95161de41ed89d16b07cf23a2730218147dfa92,shared_RVG_wrapper,54.27021113806404,BUILT,,original producer wall time; reused prerequisites remain charged,0.0,False
native-81816f719042c6b760d35370c95161de41ed89d16b07cf23a2730218147dfa92,shared_RVG_inference_nested,10.612342119216919,BUILT,,original producer wall time; reused prerequisites remain charged,0.0,False
native-81816f719042c6b760d35370c95161de41ed89d16b07cf23a2730218147dfa92,shared_selection,,BUILT,,original producer wall time; reused prerequisites remain charged,0.0,False
native-81816f719042c6b760d35370c95161de41ed89d16b07cf23a2730218147dfa92,separate_CoACD,,BUILT,,original producer wall time; reused prerequisites remain charged,0.0,False
