instance_slot_id,method,accepted,actual_calls,before_drift_m,after_drift_m,before_rotation_deg,after_rotation_deg,before_penetration_m,after_penetration_m,after_public_residual_m,reason_codes,total_wall_s,extra_actions_wall_s,native_policy_success,canonical_instance_id,own_check_passed,independent_room_stability
slot-85c8fbd4917e5a29280e,B3_AGENT_NATIVE,True,0,0.008317891581878987,0.008317891581878987,34.881913580260814,34.881913580260814,0.0,0.0,0.014415340257101103,settle_rotation;native_destination_access,6.066296862903982,0,,native-39a82995c6ca1c9c3802a4c981f14caaa31720fcb532d3fd7c3305b06d85eb30,False,
slot-85c8fbd4917e5a29280e,B4_ROOM_REPAIR_NATIVE,False,1,0.008317891581878987,0.0038427849760366505,34.881913580260814,17.27505976723017,0.0,0.001182624699519241,0.011072974445777206,settle_rotation,6.483703988837078,2.6634960719384253,,native-39a82995c6ca1c9c3802a4c981f14caaa31720fcb532d3fd7c3305b06d85eb30,False,
slot-85c8fbd4917e5a29280e,BM_BUDGET_MATCHED_NATIVE,False,2,0.008317891581878987,0.0038427849760366505,34.881913580260814,17.27505976723017,0.0,0.001182624699519241,0.011072974445777206,settle_rotation,11.811632527969778,7.090494451345876,,native-39a82995c6ca1c9c3802a4c981f14caaa31720fcb532d3fd7c3305b06d85eb30,False,
slot-21c57f38ebd35c861793,B3_AGENT_NATIVE,True,0,0.02449004445158611,0.02449004445158611,0.08529080180049177,0.08529080180049177,0.0,0.0,0.018269923626084573,settle_translation,5.510223725112155,0,,native-272e1038781f1b506972928157cf1e33d5b2c22d45d87a4bf20fc8891e6a3737,False,
slot-21c57f38ebd35c861793,B4_ROOM_REPAIR_NATIVE,False,2,0.02449004445158611,0.0020549040322065627,0.08529080180049177,0.05692400524501703,0.0,0.0,0.02512249432880525,public_observation_residual,11.675403750035912,7.59563852311112,,native-272e1038781f1b506972928157cf1e33d5b2c22d45d87a4bf20fc8891e6a3737,False,
slot-21c57f38ebd35c861793,BM_BUDGET_MATCHED_NATIVE,False,2,0.02449004445158611,0.01725828492793106,0.08529080180049177,18.18081201453064,0.0,0.0,0.010783250551821737,settle_rotation,9.679501082049683,5.680139884119853,,native-272e1038781f1b506972928157cf1e33d5b2c22d45d87a4bf20fc8891e6a3737,False,
slot-e50d71aa9e2d626c77d7,B3_AGENT_NATIVE,True,0,0.03678858524823944,0.03678858524823944,22.406569970937735,22.406569970937735,0.0,0.0,0.009101010181778703,settle_translation;settle_rotation,10.165971942944452,0,,native-2ba28fa16522e53d750d5ce696448f131ea2116e4bae15bd6aa8fa0d68490c9f,False,
slot-e50d71aa9e2d626c77d7,B4_ROOM_REPAIR_NATIVE,False,2,0.03678858524823944,0.015592892483347115,22.406569970937735,22.363647124155953,0.0,0.0,0.03387074074084592,settle_rotation;public_observation_residual,28.30247813090682,14.700762338703498,,native-2ba28fa16522e53d750d5ce696448f131ea2116e4bae15bd6aa8fa0d68490c9f,False,
slot-e50d71aa9e2d626c77d7,BM_BUDGET_MATCHED_NATIVE,False,2,0.03678858524823944,0.01083729134381623,22.406569970937735,16.531720275234274,0.0,0.0,0.025063989320837414,settle_rotation;public_observation_residual,24.964508280158043,14.969532372895628,,native-2ba28fa16522e53d750d5ce696448f131ea2116e4bae15bd6aa8fa0d68490c9f,False,
slot-15e3e2ffaabc11f8f956,B3_AGENT_NATIVE,True,0,0.0110456485501685,0.0110456485501685,0.828906351993662,0.828906351993662,0.007777180634448512,0.007777180634448512,0.01818876622373567,initial_penetration,9.472060029860586,0,,native-8becd0a1c1032a80bf88fe97aa35387cc1db28f448caca69470fbe6e7fca0c2d,False,
slot-15e3e2ffaabc11f8f956,B4_ROOM_REPAIR_NATIVE,True,1,0.0110456485501685,0.0004815901913106016,0.828906351993662,0.6257041633149373,0.007777180634448512,0.0006789914817624254,0.021141609031958244,,15.591435533948243,7.38281470304355,,native-8becd0a1c1032a80bf88fe97aa35387cc1db28f448caca69470fbe6e7fca0c2d,True,
slot-15e3e2ffaabc11f8f956,BM_BUDGET_MATCHED_NATIVE,False,2,0.0110456485501685,0.0110456485501685,0.828906351993662,0.828906351993662,0.007777180634448512,0.007777180634448512,0.01818876622373567,initial_penetration,20.44092679186724,11.456056427909061,,native-8becd0a1c1032a80bf88fe97aa35387cc1db28f448caca69470fbe6e7fca0c2d,False,
slot-e7ca9c9b8b923053d1eb,B3_AGENT_NATIVE,True,0,0.014272675328813324,0.014272675328813324,6.470518238889499,6.470518238889499,0.0,0.0,0.02119324629443229,,8.952495354926214,0,,native-81816f719042c6b760d35370c95161de41ed89d16b07cf23a2730218147dfa92,True,
slot-e7ca9c9b8b923053d1eb,B4_ROOM_REPAIR_NATIVE,True,0,0.014272675328813324,0.014272675328813324,6.470518238889499,6.470518238889499,0.0,0.0,0.02119324629443229,,7.320941695943475,0,,native-81816f719042c6b760d35370c95161de41ed89d16b07cf23a2730218147dfa92,True,
slot-e7ca9c9b8b923053d1eb,BM_BUDGET_MATCHED_NATIVE,True,2,0.014272675328813324,0.014272675328813324,6.470518238889499,6.470518238889499,0.0,0.0,0.02119324629443229,,18.815172096947208,11.52351800003089,,native-81816f719042c6b760d35370c95161de41ed89d16b07cf23a2730218147dfa92,True,
