unit_id,terminal_status,measured,executed,success
unit-8db425ae0019f0b198d57b5eade4ae6e,RECORDED,True,True,False
unit-5659f20e6803a47529753c866594e2ee,RECORDED,True,True,False
unit-49d7ff3cc75e4f3463a1952c5fa3e3ae,RECORDED,True,True,False
unit-8c84755596354ebbd93e73b29a8e84c7,RECORDED,True,True,False
unit-98a7df6c52b0562dd4558362c42462cf,RECORDED,True,True,False
unit-7d783386a792891eca87600ae845fb13,RECORDED,True,True,False
unit-0c31a07ac2cf372711f670a23eddd509,RECORDED,True,True,False
unit-ded9cd7221ca3e45cfcd9fb4643572d0,RECORDED,True,True,False
unit-8ba8fb089ed4fc342535914633d3d7e6,RECORDED,True,True,False
unit-d720fa858705d7c897f8ba6c5025ea7f,RECORDED,True,True,False
unit-efa4d791a44c911f519018e48d96c0ce,RECORDED,True,True,False
unit-055b7f2ac1255ddae3225977772029d0,RECORDED,True,True,False
unit-c5012fb113c5eb9de46dbc3b4051cf19,BUILD_FAILED,True,False,
unit-b6464e3768e8e69b685369ae0ea989ba,BUILD_FAILED,True,False,
unit-a4e131c82315f4da6801c59627c65783,BUILD_FAILED,True,False,
unit-57a51a34b305d7acb03e90024efbbaa7,BUILD_FAILED,True,False,
unit-61d3c23a9f8e9f8433523ab9005d7dce,BUILD_FAILED,True,False,
unit-1fc47593ae1ed8f8bf9df00e9d9fb4e9,BUILD_FAILED,True,False,
unit-d53bedf87c386393bd183745cc37dde9,BUILD_FAILED,True,False,
unit-53a684e5a2ac7e159ae3111fd78c88dc,BUILD_FAILED,True,False,
unit-37ce35998cc42b235a8e82d6b7ab4147,BUILD_FAILED,True,False,
unit-94d599c25d22b326072792af7418828a,BUILD_FAILED,True,False,
unit-eccce03207770eaa2ff26ffe21a042c9,BUILD_FAILED,True,False,
unit-e9f9a3751ffe24dcd324f4ea23c94b48,BUILD_FAILED,True,False,
unit-0da70c3aadef108bfceaf5a7654e0c41,BUILD_FAILED,True,False,
unit-096aaa1f1b96ad79c532206abe12c751,RECORDED,True,True,False
unit-cb612844a4d22d0db4ab3750b36501e1,BUILD_FAILED,True,False,
unit-15953eca07dd456cd09d5baf2fdc61bf,BUILD_FAILED,True,False,
unit-97762254df4b891167e314d7d35c0605,RECORDED,True,True,False
unit-fd78d4359766e006a732e44e4ce3fc31,RECORDED,True,True,False
unit-1fd2324b0de7de56cbf8d6ce505a1d0d,RECORDED,True,True,False
unit-325cdf94ce916c29bdcb4a4115e5e101,RECORDED,True,True,False
unit-1ed375e7da81ad0e91adbd5076475c6a,RECORDED,True,True,False
unit-0fba17e50fa711f1a3eac84262f2abad,RECORDED,True,True,False
unit-5ee9904a597c7c8ea1363e7a1caa6e53,RECORDED,True,True,False
unit-af2ec78766fd95a1d6f40105eb8dc463,RECORDED,True,True,False
unit-14db3489a98de77d921e94495cca3f17,RECORDED,True,True,False
unit-6482e0908a777b2fcc80aeaef4d2a6b8,RECORDED,True,True,False
unit-9f03356391f7c526f33465514a439ee0,RECORDED,True,True,False
unit-3be6b73cc6e141e34fc4d18844872038,RECORDED,True,True,False
unit-8f6975e047a23651a261b95a965efb1b,RECORDED,True,True,False
unit-2247df9a726577c549b113ac39fcecae,RECORDED,True,True,False
unit-a6bb724cdd216f18e727303c1de01f1d,RECORDED,True,True,False
unit-7e38d0ce809a29086ab79692e6d1f27e,RECORDED,True,True,False
unit-81a3bf1b2112e600f03482a7de1ed817,RECORDED,True,True,False
unit-7d4dbabcd23950210cbffaf770c016c5,RECORDED,True,True,False
unit-424bc8701e16a765762766ad25af0650,RECORDED,True,True,False
unit-12d49a6c68083184f75ef8e2af8f16b2,RECORDED,True,True,False
unit-e65f860ff58fd1173adf3c2e6651a305,RECORDED,True,True,False
unit-93819f34507b0e7001990a610b0fc1cb,RECORDED,True,True,False
unit-2bb13a85a20dd4dd821ff7b24b0fc682,RECORDED,True,True,False
unit-4d508a9fdb5c0f21ada98d4b19635bfd,BUILD_FAILED,True,False,
unit-b491ed0690da33dee285482f1c68d057,BUILD_FAILED,True,False,
unit-68f1d55d7cde9df0c45b9380cce6dfaf,BUILD_FAILED,True,False,
unit-bf85512e18b54fd121d4849546f61dbb,BUILD_FAILED,True,False,
unit-5dfc0cc3f294f0e56b09f99bb12be4fd,BUILD_FAILED,True,False,
unit-97fb825441aaad9df89c4fe933a47b4d,BUILD_FAILED,True,False,
unit-e9b7d165370e8d3171ef390a062d1dbd,BUILD_FAILED,True,False,
unit-11fc801dd7e07f5d78e8a07e3e5de01a,BUILD_FAILED,True,False,
unit-a309209d8527ad9e26d3d6164655275b,BUILD_FAILED,True,False,
unit-5a50b0c03c788a1841650f25c15d3d4e,BUILD_FAILED,True,False,
unit-8d3dab0181e899491c64c7e3c14dd690,BUILD_FAILED,True,False,
unit-4bdc3b928a5969bed2e879da9fc0142b,BUILD_FAILED,True,False,
unit-7586787a92ade69adbd0b6f262106615,BUILD_FAILED,True,False,
unit-12fc3264aaab7de11147e0ea699bde61,BUILD_FAILED,True,False,
unit-19727a82e2eb4cdfe747386bf64b61b2,BUILD_FAILED,True,False,
unit-990187dfd347cea66b03d41687330b56,RECORDED,True,True,False
unit-fad3fdbd82bf476be8ad1ca84f2c2643,RECORDED,True,True,False
unit-f4f5a48de1a5eaf4ba05d64643f94cab,RECORDED,True,True,False
unit-a07b678394bdec5a87d1ce21596dd898,RECORDED,True,True,False
unit-cd5516a83aebd32a8c2d55a66af17e73,RECORDED,True,True,False
unit-f36c18497b74667a67cb1348d8686af1,RECORDED,True,True,False
unit-a71854ba5d0c03d415b3833efba5fc1b,RECORDED,True,True,False
unit-893d36dec9a7c0a04ca07ed932b3824b,RECORDED,True,True,False
unit-f656194738a96e988b93536ff75e96f9,RECORDED,True,True,False
unit-bc9e9fb2769fdeb7e9cb66563b4e453e,RECORDED,True,True,False
unit-dc7dd64ae7af251418face79db061a11,ABSTAINED,True,False,
unit-8d9486978d35885d4e93c8a46007733a,ABSTAINED,True,False,
unit-a1756e400607d2b050b39c3248701e95,ABSTAINED,True,False,
unit-812dd4661f608acf3212a731ad92a9ee,ABSTAINED,True,False,
unit-8fdfe46287e221ab7fd3f39d79ebf73a,ABSTAINED,True,False,
unit-8be6f5e6af87d2cf57066ce4032c0db0,ABSTAINED,True,False,
unit-d9272c3f1fac85526147d2ced03ec2b6,ABSTAINED,True,False,
unit-9a94171aa4cb35422ff26c35ddbc66ac,ABSTAINED,True,False,
unit-f979ed310b21e15f46add465b629ba53,ABSTAINED,True,False,
unit-91bcaf591ea17412e4d0bfb3310a70ce,ABSTAINED,True,False,
unit-2b26c9850a1eb36b6c99aaeea6aae287,ABSTAINED,True,False,
unit-be2add791cc0035b30e10da0c8a23fd6,ABSTAINED,True,False,
unit-cd2834142a228abbca3adffaa8f777f6,ABSTAINED,True,False,
unit-0b3de2c25fc0c55989312b6f09fb17a8,ABSTAINED,True,False,
unit-3da1b359f30f78f6e2f91a62f24b8757,ABSTAINED,True,False,
unit-a65ec68b060b647421f894cb368b8f85,ABSTAINED,True,False,
unit-6188e9540fbd1d394789cfe171b75648,ABSTAINED,True,False,
unit-42c3a02959b0ba213075ef63f2e762b6,ABSTAINED,True,False,
unit-d7477c9c629c415f37ab3ad1a6744931,ABSTAINED,True,False,
unit-cb0ef05b49bf2e76590492ea9e8175f0,ABSTAINED,True,False,
unit-a7e91681fa3d4efd99dfcde3fe9d67f9,BUILD_FAILED,True,False,
unit-ebb265f3a69af80737daefd64fcc5c51,BUILD_FAILED,True,False,
unit-8d216b9f62936fb5c39e285b1a94522a,BUILD_FAILED,True,False,
unit-c0c9ae79a5935357919f44e352a1f1f9,BUILD_FAILED,True,False,
unit-49b4a4720640253fb02429bd9188658c,BUILD_FAILED,True,False,
unit-2bc8e908bcde4a77bec0808b874f302e,BUILD_FAILED,True,False,
unit-2259336ffd045215d144d56e07064260,BUILD_FAILED,True,False,
unit-b4f1495c27b8a7f3da53e82a0b2ef967,BUILD_FAILED,True,False,
unit-6a01f15660e6b8a163a28351ba777025,BUILD_FAILED,True,False,
unit-27334971f72d29037c502cc983473f68,BUILD_FAILED,True,False,
unit-396e21abbecd49a4bdbb945709905bd3,BUILD_FAILED,True,False,
unit-9f2733d2bc99a7e52a389e70666e38d3,BUILD_FAILED,True,False,
unit-f272ccf952a389d8384b3c3a6acc6a39,BUILD_FAILED,True,False,
unit-f703b1f9f2c04c5b7267ab94e73b4053,BUILD_FAILED,True,False,
unit-baa8d56046ac7fbd25b7ad6f010a56c5,BUILD_FAILED,True,False,
unit-7cd04421652056ed893f042432755e45,BUILD_FAILED,True,False,
unit-ed49ec1891bfcebb7e419708025a1b7b,BUILD_FAILED,True,False,
unit-d8399b5423a829b27c7df22b22351e03,BUILD_FAILED,True,False,
unit-2538d5fc5d5debc33c85a8538de33910,BUILD_FAILED,True,False,
unit-6cd2a17ebd618fe2df96dce41ce6a7b0,BUILD_FAILED,True,False,
unit-edf80a073f8d179ba32503f705e67c34,BUILD_FAILED,True,False,
unit-6d34b2401c465657926b725aae8658e4,BUILD_FAILED,True,False,
unit-3819e2f1f8e054e00cba050aa91660b8,BUILD_FAILED,True,False,
unit-0492a3049316db887cb4b2a70a118814,BUILD_FAILED,True,False,
unit-984874b2dfca2de19f4a03c538499ee9,BUILD_FAILED,True,False,
unit-45510f36bed582c2c3b05ddbcd2bd4e4,BUILD_FAILED,True,False,
unit-b0bf2887c614e5e39da9804a5d6071ac,BUILD_FAILED,True,False,
unit-986d093996b2e5d59dde93dee63bb8df,BUILD_FAILED,True,False,
unit-78e85bb0bbfea17fb5e0425e94ec290e,BUILD_FAILED,True,False,
unit-cea59aa3c1d291b629865d08cbedb3f3,BUILD_FAILED,True,False,
unit-6be19e4967a829960cf508776f615869,ABSTAINED,True,False,
unit-c37df2a7f67720990a4d19889aebffe8,ABSTAINED,True,False,
unit-8a2bfc5b52fc8afe65db493af92db5e5,ABSTAINED,True,False,
unit-76801c82b7756935295bd2a51858be04,ABSTAINED,True,False,
unit-6b2d868f2d9b4c06b4f5a5b23574b996,ABSTAINED,True,False,
unit-9fc648cbb18f6e66c02aad0114b014ac,ABSTAINED,True,False,
unit-867b3f32334e47e38af02a929c94c317,ABSTAINED,True,False,
unit-411211dacfd75e20b8b739d122d7bda0,ABSTAINED,True,False,
unit-4e847c702bde78079593a6fc6f01a619,ABSTAINED,True,False,
unit-966e411036a237ce769b7813890bf978,ABSTAINED,True,False,
unit-6b7e9ec0159164c54f5c8005057024eb,ABSTAINED,True,False,
unit-a33b4533674962a1776b9b0e9f9d6048,RECORDED,True,True,False
unit-b8a304d2c06308e7275cee1ef57d82a3,ABSTAINED,True,False,
unit-7614ac1567ee9dd59b1f3dc533b1505d,ABSTAINED,True,False,
unit-8157929dd23876342c1fade3f096e7f2,RECORDED,True,True,False
unit-b99a7428accfa55832b680169f714546,ABSTAINED,True,False,
unit-a138e17f383147b227ce73af39486105,RECORDED,True,True,False
unit-0a281ad6b489b0f1697ed2244e6398a0,ABSTAINED,True,False,
unit-f2bc7bf52b96b3c5924698f8f83d2553,RECORDED,True,True,False
unit-fe7d0cde4383a7a5bb266d9903be75b5,RECORDED,True,True,False
unit-68d3cf6663a70091424098cbc936de00,RECORDED,True,True,False
unit-19d254b20de1121af285f33409e27eb1,RECORDED,True,True,False
unit-7cf0ee53535da48d8b851657526b3805,RECORDED,True,True,False
unit-b80df36299b4162bf8d65906e5c726c8,RECORDED,True,True,False
