slot_id,backend,object_key,status,cd_cm,f1_20,f1_40,conditioning_views,generation_seconds,inference_seconds,registration_seconds,collision_export_seconds,evaluation_seconds,peak_gpu_bytes
27dd4da69e-a1004-trellis,trellis,27dd4da69e-a1004,EVALUATED,,,,1,7.155206068186089,,63.60094901800039,15.770713311008876,83.20387248598854,10343586816
27dd4da69e-a1004-trellis2,trellis2,27dd4da69e-a1004,EVALUATED,,,,1,4.711210644803941,,63.508644741988974,14.688456703006523,83.39117353898473,2863635968
27dd4da69e-a1004-sam3d,sam3d,27dd4da69e-a1004,EVALUATED,,,,1,5.63739635499951,5.083316046991968,63.99087526000221,11.095354713994311,75.41877723801008,18418042880
27dd4da69e-a1004-reconviagen,reconviagen,27dd4da69e-a1004,EVALUATED,,,,8,10.297538161277771,10.056399514898658,111.60055142641068,5.833424563985318,117.65327132213861,11400097280
27dd4da69e-a1001-trellis,trellis,27dd4da69e-a1001,EVALUATED,4.773928079594385,0.30175787476280835,0.5334622808611137,1,7.125869665993378,,70.61362428101711,25.35926040299819,28.672641662007663,10381127680
27dd4da69e-a1001-trellis2,trellis2,27dd4da69e-a1001,EVALUATED,6.186231456585569,0.2545744632870287,0.4036034743292284,1,10.853177258977666,,95.64295915002003,36.102726209996035,39.477530536009,2827421696
27dd4da69e-a1001-sam3d,sam3d,27dd4da69e-a1001,EVALUATED,12.10977706123971,0.0928193757691017,0.17715626892792244,1,5.236733270008699,4.567543369994382,83.99330446199747,30.00466818601126,114.47661894699559,18597843968
27dd4da69e-a1001-reconviagen,reconviagen,27dd4da69e-a1001,EVALUATED,3.678345438973199,0.3561964839710445,0.627144378608899,7,9.190565494820476,8.645309012848884,98.3121285638772,23.865963314659894,122.74686102522537,11102792704
27dd4da69e-a1002-trellis,trellis,27dd4da69e-a1002,EVALUATED,,,,1,7.0472027328796685,,179.11347050001496,0.5179836300085299,181.409510152007,10124235776
27dd4da69e-a1002-trellis2,trellis2,27dd4da69e-a1002,EVALUATED,,,,1,9.466255906969309,,202.2194007060025,15.066472386999521,220.27519924700027,2835286016
27dd4da69e-a1002-sam3d,sam3d,27dd4da69e-a1002,EVALUATED,,,,1,5.2815772100002505,4.596676661996753,98.08407045099011,21.398888405004982,119.86468495300505,18586547712
27dd4da69e-a1002-reconviagen,reconviagen,27dd4da69e-a1002,EVALUATED,,,,6,7.7685799626633525,7.246115569025278,201.3244454166852,14.828641765285283,216.4548690188676,10765039616
27dd4da69e-a1006-trellis,trellis,27dd4da69e-a1006,EVALUATED,,,,1,7.031760595971718,,54.21618709299946,15.825483747990802,72.2300205870124,10201423360
27dd4da69e-a1006-trellis2,trellis2,27dd4da69e-a1006,EVALUATED,,,,1,4.691719077061862,,39.56359497900121,3.7214992660155986,45.628980973997386,2865188352
27dd4da69e-a1006-sam3d,sam3d,27dd4da69e-a1006,EVALUATED,,,,1,5.15223342498939,4.580977266989066,85.55057321499044,32.36137310200138,118.25166443600028,18524473344
27dd4da69e-a1006-reconviagen,reconviagen,27dd4da69e-a1006,EVALUATED,,,,5,7.2176915113814175,6.642277210019529,162.93945039995015,23.593069576192647,186.8382570464164,10467568128
38d58a7a31-a1004-trellis,trellis,38d58a7a31-a1004,EVALUATED,,,,1,7.141924771945924,,98.19954741001129,5.632505193003453,105.98127176999697,10360470528
38d58a7a31-a1004-trellis2,trellis2,38d58a7a31-a1004,EVALUATED,,,,1,4.692836014088243,,104.22104263698566,1.1999691539967898,107.37273726498825,2863111680
38d58a7a31-a1004-sam3d,sam3d,38d58a7a31-a1004,EVALUATED,,,,1,5.161950385998352,4.588081916997908,134.55653559000348,17.210987308004405,152.10729956699652,18506101248
38d58a7a31-a1004-reconviagen,reconviagen,38d58a7a31-a1004,EVALUATED,,,,12,9.802219632081687,9.374335286207497,216.41696208668873,4.623058008030057,221.273847151082,12687019008
38d58a7a31-a1006-trellis,trellis,38d58a7a31-a1006,EVALUATED,8.202498542170435,0.261887428254027,0.4552674922262834,1,7.109181438805535,,104.37474438996287,16.18901819398161,18.454415985004744,10228921856
38d58a7a31-a1006-trellis2,trellis2,38d58a7a31-a1006,EVALUATED,8.62990977794819,0.2573618584367662,0.4332931269156839,1,4.662230052053928,,115.02904225513339,14.031140867009526,17.237594914011424,2866236928
38d58a7a31-a1006-sam3d,sam3d,38d58a7a31-a1006,EVALUATED,7.563046237731159,0.2477393293255683,0.4424063963573287,1,5.020737793005537,4.550122695000027,97.3113994190062,13.815750173991546,111.55291307099105,18431825920
38d58a7a31-a1006-reconviagen,reconviagen,38d58a7a31-a1006,EVALUATED,9.595134323736165,0.17428608912594634,0.3213190214677983,12,9.886243598069996,9.389422955922782,77.9939745189622,13.20415179617703,91.56379645364359,12675308544
38d58a7a31-a1011-trellis,trellis,38d58a7a31-a1011,EVALUATED,,,,1,7.140622014179826,,105.28341521701077,9.044390750001185,115.90042641601758,10336449536
38d58a7a31-a1011-trellis2,trellis2,38d58a7a31-a1011,EVALUATED,,,,1,5.631598487962037,,92.93442959501408,17.34440187900327,112.57445002399618,2858375168
38d58a7a31-a1011-sam3d,sam3d,38d58a7a31-a1011,EVALUATED,,,,1,4.988085684992257,4.473612772999331,86.4306010720029,10.07892556200386,96.82466174800356,18430176768
38d58a7a31-a1011-reconviagen,reconviagen,38d58a7a31-a1011,EVALUATED,,,,12,10.009343583602458,9.41729513881728,111.37695692712441,9.134283609688282,120.77405550889671,12674409472
38d58a7a31-a1010-trellis,trellis,38d58a7a31-a1010,EVALUATED,,,,1,7.152327884919941,,94.12555195801542,20.21019098701072,116.1878206510155,10321996288
38d58a7a31-a1010-trellis2,trellis2,38d58a7a31-a1010,EVALUATED,,,,1,10.018375849118456,,93.63861841001199,14.592905118013732,110.5403627010237,5467523584
38d58a7a31-a1010-sam3d,sam3d,38d58a7a31-a1010,EVALUATED,,,,1,4.997309087993926,4.535057039000094,95.27224126800138,21.818768676996115,117.42479537500185,18442771968
38d58a7a31-a1010-reconviagen,reconviagen,38d58a7a31-a1010,EVALUATED,,,,12,9.864930209703743,9.33433314692229,83.20364987198263,32.75450254511088,116.2318158573471,12677303296
5942004064-a1015-trellis,trellis,5942004064-a1015,EVALUATED,2.626561188495766,0.2959626844323998,0.8210784756277697,1,7.170538403093815,,75.05329338094452,22.565227000013692,25.11353473502095,10536364032
5942004064-a1015-trellis2,trellis2,5942004064-a1015,EVALUATED,2.4002460956521823,0.27218449668693834,0.9990748942772064,1,76.59777900995687,,206.04689008835703,10.96658833802212,13.265213303006021,2867262464
5942004064-a1015-sam3d,sam3d,5942004064-a1015,EVALUATED,2.619261013162467,0.2950311523658592,0.8688454831307894,1,5.272836296004243,4.619150519996765,116.81960305800021,17.55715281200537,134.914057846996,18587911168
5942004064-a1015-reconviagen,reconviagen,5942004064-a1015,EVALUATED,2.785930266267607,0.2165546598357568,0.7936958803305386,12,10.117657751776278,9.35431817593053,85.20989648019895,24.449058088008314,110.1469570021145,12677956608
5942004064-a1034-trellis,trellis,5942004064-a1034,EVALUATED,5.3016819035305565,0.3071466012537476,0.5454858728751494,1,7.122597699984908,,57.33075095794629,10.271871247008676,11.856362341000931,10279867904
5942004064-a1034-trellis2,trellis2,5942004064-a1034,EVALUATED,6.951835124116855,0.08197590361445783,0.26739305404142655,1,114.16082530096173,,80.05793047882617,3.77455369400559,5.877604937995784,2867262464
5942004064-a1034-sam3d,sam3d,5942004064-a1034,EVALUATED,8.690895099146582,0.051322634299842664,0.14142140715923118,1,7.2629045079956995,5.083256215992151,67.57610033999663,50.568835996004054,119.03562876800424,19955938816
5942004064-a1034-reconviagen,reconviagen,5942004064-a1034,EVALUATED,4.824586146893097,0.3580019430445079,0.6302655100521221,12,9.926312267780304,9.606620787177235,81.35662169707939,24.22729700896889,105.98926429403946,12690762752
5942004064-a1043-trellis,trellis,5942004064-a1043,EVALUATED,,,,1,7.080179784214124,,86.80528737002169,10.508240677008871,98.41071028099395,10232327680
5942004064-a1043-trellis2,trellis2,5942004064-a1043,EVALUATED,,,,1,103.4950466840528,,73.69894042101805,3.7436626059934497,79.35291641799267,2867262464
5942004064-a1043-sam3d,sam3d,5942004064-a1043,EVALUATED,,,,1,5.761069496002165,4.612505248995149,152.6885821520118,22.259535172997857,175.44524365900725,19043042816
5942004064-a1043-reconviagen,reconviagen,5942004064-a1043,EVALUATED,,,,12,10.05334356194362,9.252823346760124,123.2559953238815,9.682544331997633,133.29271710384637,12672454144
5942004064-a1010-trellis,trellis,5942004064-a1010,EVALUATED,3.783587439449479,0.39298428246954364,0.6043752834862706,1,7.131685761036351,,100.5513750090031,12.269171994004864,14.749634931999026,10388489216
5942004064-a1010-trellis2,trellis2,5942004064-a1010,EVALUATED,3.7551745385101074,0.400498948607957,0.61188228761799,1,4.510629307944328,,102.32676223292947,10.664027089980664,13.071002760989359,2862579712
5942004064-a1010-sam3d,sam3d,5942004064-a1010,EVALUATED,5.479039984220978,0.2675896076253933,0.4510442600276625,1,7.030261537001934,4.912290250998922,215.53591888400842,54.125883521992364,270.6272054669971,19695616000
5942004064-a1010-reconviagen,reconviagen,5942004064-a1010,EVALUATED,3.73172284052785,0.35445037341800456,0.536460429548864,9,8.587054905015975,8.161388552747667,69.33587152417749,23.41211270680651,93.210528858006,11737878016
5eb31827b7-a1004-trellis,trellis,5eb31827b7-a1004,EVALUATED,,,,1,76.26711741299368,,115.7315730569826,4.9423350259894505,121.81103264700505,10236965888
5eb31827b7-a1004-trellis2,trellis2,5eb31827b7-a1004,EVALUATED,,,,1,180.92423912510276,,94.64755381798022,2.6170863329898566,98.61116649297765,2867262464
5eb31827b7-a1004-sam3d,sam3d,5eb31827b7-a1004,EVALUATED,,,,1,5.727931187997456,4.664006709994283,70.6631465399987,47.22882536399993,118.39227742000367,18844691968
5eb31827b7-a1004-reconviagen,reconviagen,5eb31827b7-a1004,EVALUATED,,,,6,7.610262699890882,7.032525987830013,71.93295134976506,18.52297054231167,90.75928569072857,10764749312
5eb31827b7-a1005-trellis,trellis,5eb31827b7-a1005,EVALUATED,4.991651548220463,0.4717702646273368,0.6284546114099661,1,7.193851468153298,,81.17013055103598,4.140233069017995,6.065725249005482,10327966208
5eb31827b7-a1005-trellis2,trellis2,5eb31827b7-a1005,EVALUATED,5.744395225760351,0.286528409879284,0.515775394565571,1,45.87423463584855,,79.05440976284444,1.8362499140203,3.5392503540206235,2860469760
5eb31827b7-a1005-sam3d,sam3d,5eb31827b7-a1005,EVALUATED,4.054285779522482,0.3123070212765957,0.6273305706088621,1,5.487026198999956,4.579817507008556,71.54013875300006,25.18182516100933,97.32932358600374,18650680320
5eb31827b7-a1005-reconviagen,reconviagen,5eb31827b7-a1005,EVALUATED,4.067730657505771,0.4085329090801957,0.672188042035795,8,8.60808720625937,7.769882583990693,109.67246225709096,22.09024449205026,132.22084621200338,11412178432
5eb31827b7-a1006-trellis,trellis,5eb31827b7-a1006,MISSING_INPUT,,,,,,,,,,
5eb31827b7-a1006-trellis2,trellis2,5eb31827b7-a1006,MISSING_INPUT,,,,,,,,,,
5eb31827b7-a1006-sam3d,sam3d,5eb31827b7-a1006,MISSING_INPUT,,,,,,,,,,
5eb31827b7-a1006-reconviagen,reconviagen,5eb31827b7-a1006,MISSING_INPUT,,,,,,,,,,
5eb31827b7-a1012-trellis,trellis,5eb31827b7-a1012,EVALUATED,19.102037454473756,0.11467024776181553,0.2946846527196653,1,7.5421781439799815,,73.90075419400819,31.927518462995067,33.854870484006824,10777075200
5eb31827b7-a1012-trellis2,trellis2,5eb31827b7-a1012,EVALUATED,24.197280761402627,0.051585869973694104,0.09993122070129384,1,4.83038632478565,,154.84254606813192,22.024249222013168,24.524648567981785,2859945472
5eb31827b7-a1012-sam3d,sam3d,5eb31827b7-a1012,EVALUATED,22.275720644528196,0.08878112879164594,0.15722319940476193,1,6.231827520008665,4.714313485994353,55.349986096000066,43.96316359800403,99.99021558699314,19360347648
5eb31827b7-a1012-reconviagen,reconviagen,5eb31827b7-a1012,EVALUATED,27.45717256514133,0.0778746587242492,0.13993984399375975,5,7.982362938113511,6.627749291714281,72.10043878480792,35.79248457727954,108.51097633037716,10473089024
5ee7c22ba0-a1027-trellis,trellis,5ee7c22ba0-a1027,MISSING_INPUT,,,,,,,,,,
5ee7c22ba0-a1027-trellis2,trellis2,5ee7c22ba0-a1027,MISSING_INPUT,,,,,,,,,,
5ee7c22ba0-a1027-sam3d,sam3d,5ee7c22ba0-a1027,MISSING_INPUT,,,,,,,,,,
5ee7c22ba0-a1027-reconviagen,reconviagen,5ee7c22ba0-a1027,MISSING_INPUT,,,,,,,,,,
5ee7c22ba0-a1036-trellis,trellis,5ee7c22ba0-a1036,EVALUATED,,,,1,7.180853992002085,,111.20099076497718,0.8138771069934592,112.98331027201493,10366886912
5ee7c22ba0-a1036-trellis2,trellis2,5ee7c22ba0-a1036,EVALUATED,,,,1,9.848159562796354,,130.2389390259923,33.10880692998762,166.87386029100162,2864139776
5ee7c22ba0-a1036-sam3d,sam3d,5ee7c22ba0-a1036,EVALUATED,,,,1,5.469606402009958,4.585733840998728,81.70812263399421,16.05620528999134,98.25367600499885,18643009536
5ee7c22ba0-a1036-reconviagen,reconviagen,5ee7c22ba0-a1036,EVALUATED,,,,12,11.055274462327361,9.868277798872441,111.69023004593328,40.97967178374529,153.05915762716904,12698374656
5ee7c22ba0-a1041-trellis,trellis,5ee7c22ba0-a1041,MISSING_INPUT,,,,,,,,,,
5ee7c22ba0-a1041-trellis2,trellis2,5ee7c22ba0-a1041,MISSING_INPUT,,,,,,,,,,
5ee7c22ba0-a1041-sam3d,sam3d,5ee7c22ba0-a1041,MISSING_INPUT,,,,,,,,,,
5ee7c22ba0-a1041-reconviagen,reconviagen,5ee7c22ba0-a1041,MISSING_INPUT,,,,,,,,,,
5ee7c22ba0-a1032-trellis,trellis,5ee7c22ba0-a1032,EVALUATED,,,,1,7.197674922877923,,90.79713514901232,21.463672577985562,114.10719380198861,10258258432
5ee7c22ba0-a1032-trellis2,trellis2,5ee7c22ba0-a1032,EVALUATED,,,,1,4.443683699704707,,173.02278177099652,19.547545866982546,194.7961726759968,2860490240
5ee7c22ba0-a1032-sam3d,sam3d,5ee7c22ba0-a1032,EVALUATED,,,,1,5.81215088099998,4.612397641991265,66.44151537699508,42.43350006900437,109.37382223599707,19023545856
5ee7c22ba0-a1032-reconviagen,reconviagen,5ee7c22ba0-a1032,EVALUATED,,,,12,10.207292789127678,9.286220781039447,93.10196201037616,71.51343406969681,165.0455821249634,12699047936
7831862f02-a1024-trellis,trellis,7831862f02-a1024,EVALUATED,,,,1,7.2945878389291465,,48.46624977901229,13.402174759976333,63.620117565005785,10633076736
7831862f02-a1024-trellis2,trellis2,7831862f02-a1024,EVALUATED,,,,1,4.630168016068637,,45.35845958601567,13.133292349986732,60.57272795200697,2857868800
7831862f02-a1024-sam3d,sam3d,7831862f02-a1024,EVALUATED,,,,1,5.298438986996189,4.545037730000331,54.26350939300028,23.96541763500136,78.58092826299253,18688311296
7831862f02-a1024-reconviagen,reconviagen,7831862f02-a1024,EVALUATED,,,,12,10.006287345662713,9.442346602678299,116.17620112700388,14.204018706455827,130.6605888879858,12698257408
7831862f02-a1034-trellis,trellis,7831862f02-a1034,EVALUATED,6.342648563250402,0.26910785138149995,0.42869636850345977,1,7.074514752021059,,72.02002390101552,56.22201430998393,58.194922648981446,10192716288
7831862f02-a1034-trellis2,trellis2,7831862f02-a1034,EVALUATED,27.294186533583286,0.1018021311863604,0.19634751034278963,1,4.640706690959632,,97.26295699365437,14.5494513209851,17.1699400950165,2866236928
7831862f02-a1034-sam3d,sam3d,7831862f02-a1034,EVALUATED,6.257731792237029,0.2651456786171575,0.41546984032152945,1,7.082169415007229,4.87209440600418,55.8786366340064,87.1709421179985,143.9284360469901,19823806464
7831862f02-a1034-reconviagen,reconviagen,7831862f02-a1034,EVALUATED,5.724694950490923,0.4079221670650242,0.5848178879310345,12,10.796087274793535,9.554812309797853,53.92742623388767,62.05252901604399,116.55862559890375,12678691328
7831862f02-a1005-trellis,trellis,7831862f02-a1005,EVALUATED,,,,1,7.1181796479504555,,148.09664469500422,20.852700413990533,170.14358947999426,10352524800
7831862f02-a1005-trellis2,trellis2,7831862f02-a1005,EVALUATED,,,,1,41.03926902497187,,114.70357834800961,34.88241710601142,151.22405381701537,2866791936
7831862f02-a1005-sam3d,sam3d,7831862f02-a1005,EVALUATED,,,,1,7.20199895001133,5.032912061986281,75.41644424301921,54.9893469279923,131.13495898098336,19900915712
7831862f02-a1005-reconviagen,reconviagen,7831862f02-a1005,EVALUATED,,,,12,10.2738207699731,9.344084345269948,99.97407165169716,44.33265150897205,144.6794524411671,12701998080
7831862f02-a1027-trellis,trellis,7831862f02-a1027,EVALUATED,,,,1,7.104753273073584,,71.91128934500739,22.161276918981457,95.36798020199058,10171850240
7831862f02-a1027-trellis2,trellis2,7831862f02-a1027,EVALUATED,,,,1,4.757606797851622,,70.31727394400514,23.900476558017544,96.69935812600306,2868868608
7831862f02-a1027-sam3d,sam3d,7831862f02-a1027,EVALUATED,,,,1,5.79800525601604,4.657354679016862,71.23655986500671,46.82874937800807,118.62312906800071,18826886144
7831862f02-a1027-reconviagen,reconviagen,7831862f02-a1027,EVALUATED,,,,12,10.558094947133213,9.48394726216793,75.83881749212742,24.661638133227825,100.85582637460902,12690867200
c4c04e6d6c-a1023-trellis,trellis,c4c04e6d6c-a1023,EVALUATED,,,,1,7.149480500025675,,69.04063883802155,24.766146951005794,95.25677175697638,10417285120
c4c04e6d6c-a1023-trellis2,trellis2,c4c04e6d6c-a1023,EVALUATED,,,,1,4.825990614015609,,97.27714978001313,14.007022160978522,113.77174767499673,2865208832
c4c04e6d6c-a1023-sam3d,sam3d,c4c04e6d6c-a1023,EVALUATED,,,,1,5.129674636002164,4.580623852001736,122.75919509201776,20.89864416202181,143.98739380599,18508615680
c4c04e6d6c-a1023-reconviagen,reconviagen,c4c04e6d6c-a1023,EVALUATED,,,,12,10.354507331736386,9.526946737896651,74.9363244981505,28.71188744623214,103.99434042070061,12689244160
c4c04e6d6c-a1007-trellis,trellis,c4c04e6d6c-a1007,EVALUATED,9.301793881819156,0.32881473167044595,0.5159513713932596,1,7.105464376043528,,122.65952887199819,0.5855088749958668,3.2050298239919357,10253425152
c4c04e6d6c-a1007-trellis2,trellis2,c4c04e6d6c-a1007,EVALUATED,9.619821977245785,0.3682817165428131,0.5210315273258829,1,4.573735778685659,,107.68882917053998,1.3547154420230072,3.5832559970149305,2862042624
c4c04e6d6c-a1007-sam3d,sam3d,c4c04e6d6c-a1007,EVALUATED,9.603642374523778,0.17691715969750893,0.33731670718999657,1,5.280111770000076,4.646208735008258,119.35626560801757,16.95733073199517,136.86504173499998,18544108032
c4c04e6d6c-a1007-reconviagen,reconviagen,c4c04e6d6c-a1007,EVALUATED,9.329189397118236,0.338091400508762,0.45398790278236006,12,9.85114667005837,9.216357493773103,107.87999649904668,15.333307805936784,123.60042795119807,12689929728
c4c04e6d6c-a1015-trellis,trellis,c4c04e6d6c-a1015,EVALUATED,,,,1,71.90347905200906,,107.09705345000839,8.408214370982023,117.29660477500875,10290106880
c4c04e6d6c-a1015-trellis2,trellis2,c4c04e6d6c-a1015,EVALUATED,,,,1,4.70790686365217,,122.59558042700519,6.82970565801952,131.0622184459935,2862063104
c4c04e6d6c-a1015-sam3d,sam3d,c4c04e6d6c-a1015,EVALUATED,,,,1,4.800901746988529,4.515691918990342,130.89328162302263,0.49353608599631116,131.6120804559905,18290455040
c4c04e6d6c-a1015-reconviagen,reconviagen,c4c04e6d6c-a1015,EVALUATED,,,,7,8.399657086934894,7.707558216992766,114.14491967624053,17.112269723787904,131.54798188898712,11113799680
c4c04e6d6c-a1011-trellis,trellis,c4c04e6d6c-a1011,EVALUATED,,,,1,7.092951558064669,,125.0102707449987,14.259074648987735,141.2874391170044,10237740032
c4c04e6d6c-a1011-trellis2,trellis2,c4c04e6d6c-a1011,EVALUATED,,,,1,4.6880647502839565,,134.72101106899208,13.65432924599736,150.30346846199245,2867285504
c4c04e6d6c-a1011-sam3d,sam3d,c4c04e6d6c-a1011,EVALUATED,,,,1,5.334010614984436,4.535901680006646,127.05006225599209,16.32187848101603,143.6786206140241,18425203200
c4c04e6d6c-a1011-reconviagen,reconviagen,c4c04e6d6c-a1011,EVALUATED,,,,12,9.644156642723829,9.269728099927306,85.16465333662927,12.680745816789567,98.07378286775202,12679584256
fb5a96b1a2-a1024-trellis,trellis,fb5a96b1a2-a1024,EVALUATED,,,,1,7.239799930946901,,122.71279327198863,19.688066228991374,143.91821315599373,10464446976
fb5a96b1a2-a1024-trellis2,trellis2,fb5a96b1a2-a1024,EVALUATED,,,,1,4.591353433672339,,140.8753172540164,17.04281178599922,159.8626364649972,2865208832
fb5a96b1a2-a1024-sam3d,sam3d,fb5a96b1a2-a1024,EVALUATED,,,,1,5.131828139012214,4.692488520988263,161.2626606230042,12.177605749981012,173.70943450799678,18385491456
fb5a96b1a2-a1024-reconviagen,reconviagen,fb5a96b1a2-a1024,EVALUATED,,,,12,11.583002876002865,10.945954337999865,144.59353126600035,12.184814662999997,157.013022086001,12665335296
fb5a96b1a2-a1000-trellis,trellis,fb5a96b1a2-a1000,EVALUATED,,,,1,7.145396518986672,,143.84503328500432,6.196185231994605,151.43718115001684,10239940096
fb5a96b1a2-a1000-trellis2,trellis2,fb5a96b1a2-a1000,EVALUATED,,,,1,4.4468550672754645,,127.2188417139987,5.909326172986766,134.60751656701905,5503737856
fb5a96b1a2-a1000-sam3d,sam3d,fb5a96b1a2-a1000,EVALUATED,,,,1,4.924111514992546,4.571427846996812,96.55118221597513,0.6195524350041524,97.40656611599843,18355517440
fb5a96b1a2-a1000-reconviagen,reconviagen,fb5a96b1a2-a1000,EVALUATED,,,,12,11.358406322004157,9.893916537002951,59.76878906499769,56.82936707799672,116.99794994099648,12672119296
fb5a96b1a2-a1020-trellis,trellis,fb5a96b1a2-a1020,EVALUATED,7.512922700635409,0.3425476954492416,0.48329246355835825,1,7.136572446906939,,57.93352707399754,12.540552976017352,14.455687859997852,10203131392
fb5a96b1a2-a1020-trellis2,trellis2,fb5a96b1a2-a1020,EVALUATED,7.458170493048303,0.2303814696485623,0.43379828217555194,1,4.633953737094998,,65.07695688866079,12.786563814996043,14.83261899399804,2866236928
fb5a96b1a2-a1020-sam3d,sam3d,fb5a96b1a2-a1020,EVALUATED,15.42539623655099,0.04953295362082995,0.10529998533079067,1,6.100328972999705,4.704869843000779,76.98797880503116,61.12178007501643,139.27999524900224,19112818176
fb5a96b1a2-a1020-reconviagen,reconviagen,fb5a96b1a2-a1020,EVALUATED,15.499159737407966,0.1908336916037033,0.3044582521469294,8,8.069111884004087,7.587230359997193,77.35658055700333,18.25739013099519,96.03168226800335,11433887744
fb5a96b1a2-a1070-trellis,trellis,fb5a96b1a2-a1070,EVALUATED,,,,1,7.298965628957376,,134.70530804200098,0.4124153330049012,136.18668213300407,10114115072
fb5a96b1a2-a1070-trellis2,trellis2,fb5a96b1a2-a1070,EVALUATED,,,,1,4.783756834920496,,99.61819231399568,11.096099454007344,113.46945888697519,2860490240
fb5a96b1a2-a1070-sam3d,sam3d,fb5a96b1a2-a1070,EVALUATED,,,,1,23.06661472999258,15.584273860964458,84.22804952703882,65.98595669696806,152.2481815170031,19629646848
fb5a96b1a2-a1070-reconviagen,reconviagen,fb5a96b1a2-a1070,EVALUATED,,,,12,9.534914580995974,9.197867194998253,103.30174827199517,7.141804049999337,110.67194394100079,12676168704
