unit_id,canonical_instance_id,method,cohort_id,scope,split,original_terminal_status,terminal_status,executed,native_success,failure_classification,classification_adjudication,collision_watertight,collision_convex,near_threshold_nonconvexity,geometry_repaired,threshold_changed,new_policy_outcomes
unit-f356c2b8db08dbcb41bc036ebf5c84a5,native-c1d6ffb137352ef5f4f2625c933fa3a98d5801448076dc097c84c3682347eafe,B0_FIXED_NATIVE,native_test_v2_48instances,L0_target_only,test,CODE_FAILED,BUILD_FAILED,False,,invalid_supplied_collision_volume,"{'collision_part': {'path': '/group/worldcept/code/SimAny/outputs/icra2027/20260906-2c197a2-v3/sim_recon_sim/scale_up/test_builds/builds/slot-d55f3dd1cf4ce18c0efd/construction/objects/obj_00/collision/part_04.obj', 'sha256': '7948d9c997e58ed7d6dbd764b87f39291c6f02bb00dad2ba7a55f0da8fc30fb6'}, 'independent_audit': {'path': '/group/worldcept/code/SimAny/outputs/icra2027/20260907-a5ddbb5-v1/sim_recon_sim/scale_up/b0_collision_adjudication_audit/audit.json', 'sha256': '5056754a717ab0d43b0d8300aac30fdd37f84cf043f83a664d18ea52c6208d66'}, 'manifest': {'path': '/group/worldcept/code/SimAny/outputs/icra2027/20260907-0886b4e-v1/sim_recon_sim/scale_up/adjudicated_primary/adjudications.json', 'sha256': '79d54201fdfb5a6fa0231776e8fad6a08e8e5538ad13fbe5a2378147b3228601'}, 'original_terminal': {'path': '/group/worldcept/code/SimAny/outputs/icra2027/20260907-73ff4ab-v1/sim_recon_sim/scale_up/test_execution/workers/unit-f356c2b8db08dbcb41bc036ebf5c84a5/terminal.json', 'sha256': '071b16e79c944807f4a5fc60eb408379e96fde48f2681823651a6045da38a3ae'}, 'worker_log': {'path': '/group/worldcept/code/SimAny/outputs/icra2027/20260907-73ff4ab-v1/sim_recon_sim/scale_up/test_execution/workers/unit-f356c2b8db08dbcb41bc036ebf5c84a5/worker.log', 'sha256': '97e5032cb81f7722cc9cbe67c7ada3e3dcc492cfecc728c63d3a66dc711983eb'}}",True,False,True,False,False,0
unit-1c5ebbc49d559bc626ef12cc5beeb8a7,native-c1d6ffb137352ef5f4f2625c933fa3a98d5801448076dc097c84c3682347eafe,B0_FIXED_NATIVE,native_test_v2_48instances,L0_target_only,test,CODE_FAILED,BUILD_FAILED,False,,invalid_supplied_collision_volume,"{'collision_part': {'path': '/group/worldcept/code/SimAny/outputs/icra2027/20260906-2c197a2-v3/sim_recon_sim/scale_up/test_builds/builds/slot-d55f3dd1cf4ce18c0efd/construction/objects/obj_00/collision/part_04.obj', 'sha256': '7948d9c997e58ed7d6dbd764b87f39291c6f02bb00dad2ba7a55f0da8fc30fb6'}, 'independent_audit': {'path': '/group/worldcept/code/SimAny/outputs/icra2027/20260907-a5ddbb5-v1/sim_recon_sim/scale_up/b0_collision_adjudication_audit/audit.json', 'sha256': '5056754a717ab0d43b0d8300aac30fdd37f84cf043f83a664d18ea52c6208d66'}, 'manifest': {'path': '/group/worldcept/code/SimAny/outputs/icra2027/20260907-0886b4e-v1/sim_recon_sim/scale_up/adjudicated_primary/adjudications.json', 'sha256': '79d54201fdfb5a6fa0231776e8fad6a08e8e5538ad13fbe5a2378147b3228601'}, 'original_terminal': {'path': '/group/worldcept/code/SimAny/outputs/icra2027/20260907-73ff4ab-v1/sim_recon_sim/scale_up/test_execution/workers/unit-1c5ebbc49d559bc626ef12cc5beeb8a7/terminal.json', 'sha256': 'ea965909b765162f4e5f64d0b63fcc057f69c010ef91406bba6c29b7728fb1ec'}, 'worker_log': {'path': '/group/worldcept/code/SimAny/outputs/icra2027/20260907-73ff4ab-v1/sim_recon_sim/scale_up/test_execution/workers/unit-1c5ebbc49d559bc626ef12cc5beeb8a7/worker.log', 'sha256': '97e5032cb81f7722cc9cbe67c7ada3e3dcc492cfecc728c63d3a66dc711983eb'}}",True,False,True,False,False,0
unit-e172791528f90caa6d89eed2c6fc6894,native-c1d6ffb137352ef5f4f2625c933fa3a98d5801448076dc097c84c3682347eafe,B0_FIXED_NATIVE,native_test_v2_48instances,L0_target_only,test,CODE_FAILED,BUILD_FAILED,False,,invalid_supplied_collision_volume,"{'collision_part': {'path': '/group/worldcept/code/SimAny/outputs/icra2027/20260906-2c197a2-v3/sim_recon_sim/scale_up/test_builds/builds/slot-d55f3dd1cf4ce18c0efd/construction/objects/obj_00/collision/part_04.obj', 'sha256': '7948d9c997e58ed7d6dbd764b87f39291c6f02bb00dad2ba7a55f0da8fc30fb6'}, 'independent_audit': {'path': '/group/worldcept/code/SimAny/outputs/icra2027/20260907-a5ddbb5-v1/sim_recon_sim/scale_up/b0_collision_adjudication_audit/audit.json', 'sha256': '5056754a717ab0d43b0d8300aac30fdd37f84cf043f83a664d18ea52c6208d66'}, 'manifest': {'path': '/group/worldcept/code/SimAny/outputs/icra2027/20260907-0886b4e-v1/sim_recon_sim/scale_up/adjudicated_primary/adjudications.json', 'sha256': '79d54201fdfb5a6fa0231776e8fad6a08e8e5538ad13fbe5a2378147b3228601'}, 'original_terminal': {'path': '/group/worldcept/code/SimAny/outputs/icra2027/20260907-73ff4ab-v1/sim_recon_sim/scale_up/test_execution/workers/unit-e172791528f90caa6d89eed2c6fc6894/terminal.json', 'sha256': '8e81472b67c6e1a48709986bbdc8345cf9a887824e50175b1d9a30e5e1b679bd'}, 'worker_log': {'path': '/group/worldcept/code/SimAny/outputs/icra2027/20260907-73ff4ab-v1/sim_recon_sim/scale_up/test_execution/workers/unit-e172791528f90caa6d89eed2c6fc6894/worker.log', 'sha256': '97e5032cb81f7722cc9cbe67c7ada3e3dcc492cfecc728c63d3a66dc711983eb'}}",True,False,True,False,False,0
unit-22b5ae0c9f38e097a54a75c31f1a8be4,native-c1d6ffb137352ef5f4f2625c933fa3a98d5801448076dc097c84c3682347eafe,B0_FIXED_NATIVE,native_test_v2_48instances,L0_target_only,test,CODE_FAILED,BUILD_FAILED,False,,invalid_supplied_collision_volume,"{'collision_part': {'path': '/group/worldcept/code/SimAny/outputs/icra2027/20260906-2c197a2-v3/sim_recon_sim/scale_up/test_builds/builds/slot-d55f3dd1cf4ce18c0efd/construction/objects/obj_00/collision/part_04.obj', 'sha256': '7948d9c997e58ed7d6dbd764b87f39291c6f02bb00dad2ba7a55f0da8fc30fb6'}, 'independent_audit': {'path': '/group/worldcept/code/SimAny/outputs/icra2027/20260907-a5ddbb5-v1/sim_recon_sim/scale_up/b0_collision_adjudication_audit/audit.json', 'sha256': '5056754a717ab0d43b0d8300aac30fdd37f84cf043f83a664d18ea52c6208d66'}, 'manifest': {'path': '/group/worldcept/code/SimAny/outputs/icra2027/20260907-0886b4e-v1/sim_recon_sim/scale_up/adjudicated_primary/adjudications.json', 'sha256': '79d54201fdfb5a6fa0231776e8fad6a08e8e5538ad13fbe5a2378147b3228601'}, 'original_terminal': {'path': '/group/worldcept/code/SimAny/outputs/icra2027/20260907-73ff4ab-v1/sim_recon_sim/scale_up/test_execution/workers/unit-22b5ae0c9f38e097a54a75c31f1a8be4/terminal.json', 'sha256': '0c70d0f1403585ce469a98f4e94192c5013c5bc5f747012b52bc439c259ef9aa'}, 'worker_log': {'path': '/group/worldcept/code/SimAny/outputs/icra2027/20260907-73ff4ab-v1/sim_recon_sim/scale_up/test_execution/workers/unit-22b5ae0c9f38e097a54a75c31f1a8be4/worker.log', 'sha256': '97e5032cb81f7722cc9cbe67c7ada3e3dcc492cfecc728c63d3a66dc711983eb'}}",True,False,True,False,False,0
unit-558143cdf381fe70b5f66e15fe1b2615,native-c1d6ffb137352ef5f4f2625c933fa3a98d5801448076dc097c84c3682347eafe,B0_FIXED_NATIVE,native_test_v2_48instances,L0_target_only,test,CODE_FAILED,BUILD_FAILED,False,,invalid_supplied_collision_volume,"{'collision_part': {'path': '/group/worldcept/code/SimAny/outputs/icra2027/20260906-2c197a2-v3/sim_recon_sim/scale_up/test_builds/builds/slot-d55f3dd1cf4ce18c0efd/construction/objects/obj_00/collision/part_04.obj', 'sha256': '7948d9c997e58ed7d6dbd764b87f39291c6f02bb00dad2ba7a55f0da8fc30fb6'}, 'independent_audit': {'path': '/group/worldcept/code/SimAny/outputs/icra2027/20260907-a5ddbb5-v1/sim_recon_sim/scale_up/b0_collision_adjudication_audit/audit.json', 'sha256': '5056754a717ab0d43b0d8300aac30fdd37f84cf043f83a664d18ea52c6208d66'}, 'manifest': {'path': '/group/worldcept/code/SimAny/outputs/icra2027/20260907-0886b4e-v1/sim_recon_sim/scale_up/adjudicated_primary/adjudications.json', 'sha256': '79d54201fdfb5a6fa0231776e8fad6a08e8e5538ad13fbe5a2378147b3228601'}, 'original_terminal': {'path': '/group/worldcept/code/SimAny/outputs/icra2027/20260907-73ff4ab-v1/sim_recon_sim/scale_up/test_execution/workers/unit-558143cdf381fe70b5f66e15fe1b2615/terminal.json', 'sha256': '2007b884ca0ebd5232575635e9ff625da38ddb1a2bfb947fd2bc983eba89c5aa'}, 'worker_log': {'path': '/group/worldcept/code/SimAny/outputs/icra2027/20260907-73ff4ab-v1/sim_recon_sim/scale_up/test_execution/workers/unit-558143cdf381fe70b5f66e15fe1b2615/worker.log', 'sha256': '97e5032cb81f7722cc9cbe67c7ada3e3dcc492cfecc728c63d3a66dc711983eb'}}",True,False,True,False,False,0
unit-5172521ee96160688782c608965ddd3e,native-c1d6ffb137352ef5f4f2625c933fa3a98d5801448076dc097c84c3682347eafe,B0_FIXED_NATIVE,native_test_v2_48instances,L0_target_only,test,CODE_FAILED,BUILD_FAILED,False,,invalid_supplied_collision_volume,"{'collision_part': {'path': '/group/worldcept/code/SimAny/outputs/icra2027/20260906-2c197a2-v3/sim_recon_sim/scale_up/test_builds/builds/slot-d55f3dd1cf4ce18c0efd/construction/objects/obj_00/collision/part_04.obj', 'sha256': '7948d9c997e58ed7d6dbd764b87f39291c6f02bb00dad2ba7a55f0da8fc30fb6'}, 'independent_audit': {'path': '/group/worldcept/code/SimAny/outputs/icra2027/20260907-a5ddbb5-v1/sim_recon_sim/scale_up/b0_collision_adjudication_audit/audit.json', 'sha256': '5056754a717ab0d43b0d8300aac30fdd37f84cf043f83a664d18ea52c6208d66'}, 'manifest': {'path': '/group/worldcept/code/SimAny/outputs/icra2027/20260907-0886b4e-v1/sim_recon_sim/scale_up/adjudicated_primary/adjudications.json', 'sha256': '79d54201fdfb5a6fa0231776e8fad6a08e8e5538ad13fbe5a2378147b3228601'}, 'original_terminal': {'path': '/group/worldcept/code/SimAny/outputs/icra2027/20260907-73ff4ab-v1/sim_recon_sim/scale_up/test_execution/workers/unit-5172521ee96160688782c608965ddd3e/terminal.json', 'sha256': 'd21270517762d51849b0ea393d56bcd45228485fb18c1a3d2f67928901afd38e'}, 'worker_log': {'path': '/group/worldcept/code/SimAny/outputs/icra2027/20260907-73ff4ab-v1/sim_recon_sim/scale_up/test_execution/workers/unit-5172521ee96160688782c608965ddd3e/worker.log', 'sha256': '97e5032cb81f7722cc9cbe67c7ada3e3dcc492cfecc728c63d3a66dc711983eb'}}",True,False,True,False,False,0
unit-769c76920a2f105b46e6f29a29395eca,native-c1d6ffb137352ef5f4f2625c933fa3a98d5801448076dc097c84c3682347eafe,B0_FIXED_NATIVE,native_test_v2_48instances,L0_target_only,test,CODE_FAILED,BUILD_FAILED,False,,invalid_supplied_collision_volume,"{'collision_part': {'path': '/group/worldcept/code/SimAny/outputs/icra2027/20260906-2c197a2-v3/sim_recon_sim/scale_up/test_builds/builds/slot-d55f3dd1cf4ce18c0efd/construction/objects/obj_00/collision/part_04.obj', 'sha256': '7948d9c997e58ed7d6dbd764b87f39291c6f02bb00dad2ba7a55f0da8fc30fb6'}, 'independent_audit': {'path': '/group/worldcept/code/SimAny/outputs/icra2027/20260907-a5ddbb5-v1/sim_recon_sim/scale_up/b0_collision_adjudication_audit/audit.json', 'sha256': '5056754a717ab0d43b0d8300aac30fdd37f84cf043f83a664d18ea52c6208d66'}, 'manifest': {'path': '/group/worldcept/code/SimAny/outputs/icra2027/20260907-0886b4e-v1/sim_recon_sim/scale_up/adjudicated_primary/adjudications.json', 'sha256': '79d54201fdfb5a6fa0231776e8fad6a08e8e5538ad13fbe5a2378147b3228601'}, 'original_terminal': {'path': '/group/worldcept/code/SimAny/outputs/icra2027/20260907-73ff4ab-v1/sim_recon_sim/scale_up/test_execution/workers/unit-769c76920a2f105b46e6f29a29395eca/terminal.json', 'sha256': '2ff10eb53959318018e03605f364b52147be3dde3de7fd8fed12337e28608809'}, 'worker_log': {'path': '/group/worldcept/code/SimAny/outputs/icra2027/20260907-73ff4ab-v1/sim_recon_sim/scale_up/test_execution/workers/unit-769c76920a2f105b46e6f29a29395eca/worker.log', 'sha256': '97e5032cb81f7722cc9cbe67c7ada3e3dcc492cfecc728c63d3a66dc711983eb'}}",True,False,True,False,False,0
unit-037b901eb83b766cafff137a624deded,native-c1d6ffb137352ef5f4f2625c933fa3a98d5801448076dc097c84c3682347eafe,B0_FIXED_NATIVE,native_test_v2_48instances,L0_target_only,test,CODE_FAILED,BUILD_FAILED,False,,invalid_supplied_collision_volume,"{'collision_part': {'path': '/group/worldcept/code/SimAny/outputs/icra2027/20260906-2c197a2-v3/sim_recon_sim/scale_up/test_builds/builds/slot-d55f3dd1cf4ce18c0efd/construction/objects/obj_00/collision/part_04.obj', 'sha256': '7948d9c997e58ed7d6dbd764b87f39291c6f02bb00dad2ba7a55f0da8fc30fb6'}, 'independent_audit': {'path': '/group/worldcept/code/SimAny/outputs/icra2027/20260907-a5ddbb5-v1/sim_recon_sim/scale_up/b0_collision_adjudication_audit/audit.json', 'sha256': '5056754a717ab0d43b0d8300aac30fdd37f84cf043f83a664d18ea52c6208d66'}, 'manifest': {'path': '/group/worldcept/code/SimAny/outputs/icra2027/20260907-0886b4e-v1/sim_recon_sim/scale_up/adjudicated_primary/adjudications.json', 'sha256': '79d54201fdfb5a6fa0231776e8fad6a08e8e5538ad13fbe5a2378147b3228601'}, 'original_terminal': {'path': '/group/worldcept/code/SimAny/outputs/icra2027/20260907-73ff4ab-v1/sim_recon_sim/scale_up/test_execution/workers/unit-037b901eb83b766cafff137a624deded/terminal.json', 'sha256': '688342e01d21063ce391607b7190003a591669eb43f8e67fe46472a566985118'}, 'worker_log': {'path': '/group/worldcept/code/SimAny/outputs/icra2027/20260907-73ff4ab-v1/sim_recon_sim/scale_up/test_execution/workers/unit-037b901eb83b766cafff137a624deded/worker.log', 'sha256': '97e5032cb81f7722cc9cbe67c7ada3e3dcc492cfecc728c63d3a66dc711983eb'}}",True,False,True,False,False,0
unit-c153b11116e4e03df7b0a6dea2504ba9,native-c1d6ffb137352ef5f4f2625c933fa3a98d5801448076dc097c84c3682347eafe,B0_FIXED_NATIVE,native_test_v2_48instances,L0_target_only,test,CODE_FAILED,BUILD_FAILED,False,,invalid_supplied_collision_volume,"{'collision_part': {'path': '/group/worldcept/code/SimAny/outputs/icra2027/20260906-2c197a2-v3/sim_recon_sim/scale_up/test_builds/builds/slot-d55f3dd1cf4ce18c0efd/construction/objects/obj_00/collision/part_04.obj', 'sha256': '7948d9c997e58ed7d6dbd764b87f39291c6f02bb00dad2ba7a55f0da8fc30fb6'}, 'independent_audit': {'path': '/group/worldcept/code/SimAny/outputs/icra2027/20260907-a5ddbb5-v1/sim_recon_sim/scale_up/b0_collision_adjudication_audit/audit.json', 'sha256': '5056754a717ab0d43b0d8300aac30fdd37f84cf043f83a664d18ea52c6208d66'}, 'manifest': {'path': '/group/worldcept/code/SimAny/outputs/icra2027/20260907-0886b4e-v1/sim_recon_sim/scale_up/adjudicated_primary/adjudications.json', 'sha256': '79d54201fdfb5a6fa0231776e8fad6a08e8e5538ad13fbe5a2378147b3228601'}, 'original_terminal': {'path': '/group/worldcept/code/SimAny/outputs/icra2027/20260907-73ff4ab-v1/sim_recon_sim/scale_up/test_execution/workers/unit-c153b11116e4e03df7b0a6dea2504ba9/terminal.json', 'sha256': '81e85e34468dff0f64656c78c40e8d65dc5c92106fa69fa498bdcd83d1c90957'}, 'worker_log': {'path': '/group/worldcept/code/SimAny/outputs/icra2027/20260907-73ff4ab-v1/sim_recon_sim/scale_up/test_execution/workers/unit-c153b11116e4e03df7b0a6dea2504ba9/worker.log', 'sha256': '97e5032cb81f7722cc9cbe67c7ada3e3dcc492cfecc728c63d3a66dc711983eb'}}",True,False,True,False,False,0
unit-d9a8b3882e38991f9713710ccb61915e,native-c1d6ffb137352ef5f4f2625c933fa3a98d5801448076dc097c84c3682347eafe,B0_FIXED_NATIVE,native_test_v2_48instances,L0_target_only,test,CODE_FAILED,BUILD_FAILED,False,,invalid_supplied_collision_volume,"{'collision_part': {'path': '/group/worldcept/code/SimAny/outputs/icra2027/20260906-2c197a2-v3/sim_recon_sim/scale_up/test_builds/builds/slot-d55f3dd1cf4ce18c0efd/construction/objects/obj_00/collision/part_04.obj', 'sha256': '7948d9c997e58ed7d6dbd764b87f39291c6f02bb00dad2ba7a55f0da8fc30fb6'}, 'independent_audit': {'path': '/group/worldcept/code/SimAny/outputs/icra2027/20260907-a5ddbb5-v1/sim_recon_sim/scale_up/b0_collision_adjudication_audit/audit.json', 'sha256': '5056754a717ab0d43b0d8300aac30fdd37f84cf043f83a664d18ea52c6208d66'}, 'manifest': {'path': '/group/worldcept/code/SimAny/outputs/icra2027/20260907-0886b4e-v1/sim_recon_sim/scale_up/adjudicated_primary/adjudications.json', 'sha256': '79d54201fdfb5a6fa0231776e8fad6a08e8e5538ad13fbe5a2378147b3228601'}, 'original_terminal': {'path': '/group/worldcept/code/SimAny/outputs/icra2027/20260907-73ff4ab-v1/sim_recon_sim/scale_up/test_execution/workers/unit-d9a8b3882e38991f9713710ccb61915e/terminal.json', 'sha256': '949f14ac16ee2b85ace423e6288a2898604a1fb15bf6234b20a397e2f531df55'}, 'worker_log': {'path': '/group/worldcept/code/SimAny/outputs/icra2027/20260907-73ff4ab-v1/sim_recon_sim/scale_up/test_execution/workers/unit-d9a8b3882e38991f9713710ccb61915e/worker.log', 'sha256': '97e5032cb81f7722cc9cbe67c7ada3e3dcc492cfecc728c63d3a66dc711983eb'}}",True,False,True,False,False,0
