cohort_id,policy_id,scope,sensor_regime,renderer,execution_protocol,split,method,task_id,planned,measured,executed,successes_observed,complete,layouts,instances,planned_instance_slots,build_failed,abstained,unmeasured,rollout_coverage_observed,success_per_planned,instance_macro_success,success_per_executed
native_test_v2_48instances,pi05_pretrain_human300_75000_c484448,L0_target_only,ideal_rgbd_posed,native,primary_native,test,B0_FIXED_NATIVE,PickPlaceCounterToCabinet,160,160,120,46,True,8,16,16,40,0,0,0.75,0.2875,0.2875,0.38333333333333336
native_test_v2_48instances,pi05_pretrain_human300_75000_c484448,L0_target_only,ideal_rgbd_posed,native,primary_native,test,B0_FIXED_NATIVE,PickPlaceCounterToSink,160,160,130,19,True,8,16,16,30,0,0,0.8125,0.11875,0.11875,0.14615384615384616
native_test_v2_48instances,pi05_pretrain_human300_75000_c484448,L0_target_only,ideal_rgbd_posed,native,primary_native,test,B0_FIXED_NATIVE,PickPlaceSinkToCounter,160,160,60,14,True,8,16,16,100,0,0,0.375,0.0875,0.0875,0.23333333333333334
native_test_v2_48instances,pi05_pretrain_human300_75000_c484448,L0_target_only,ideal_rgbd_posed,native,primary_native,test,B3_AGENT_NATIVE,PickPlaceCounterToCabinet,160,160,120,62,True,8,16,16,40,0,0,0.75,0.3875,0.3875,0.5166666666666667
native_test_v2_48instances,pi05_pretrain_human300_75000_c484448,L0_target_only,ideal_rgbd_posed,native,primary_native,test,B3_AGENT_NATIVE,PickPlaceCounterToSink,160,160,130,34,True,8,16,16,30,0,0,0.8125,0.2125,0.21249999999999997,0.26153846153846155
native_test_v2_48instances,pi05_pretrain_human300_75000_c484448,L0_target_only,ideal_rgbd_posed,native,primary_native,test,B3_AGENT_NATIVE,PickPlaceSinkToCounter,160,160,70,25,True,8,16,16,90,0,0,0.4375,0.15625,0.15625,0.35714285714285715
native_test_v2_48instances,pi05_pretrain_human300_75000_c484448,L0_target_only,ideal_rgbd_posed,native,primary_native,test,B4_ROOM_REPAIR_NATIVE,PickPlaceCounterToCabinet,160,160,60,42,True,8,16,16,40,60,0,0.375,0.2625,0.2625,0.7
native_test_v2_48instances,pi05_pretrain_human300_75000_c484448,L0_target_only,ideal_rgbd_posed,native,primary_native,test,B4_ROOM_REPAIR_NATIVE,PickPlaceCounterToSink,160,160,50,14,True,8,16,16,30,80,0,0.3125,0.0875,0.08750000000000001,0.28
native_test_v2_48instances,pi05_pretrain_human300_75000_c484448,L0_target_only,ideal_rgbd_posed,native,primary_native,test,B4_ROOM_REPAIR_NATIVE,PickPlaceSinkToCounter,160,160,10,9,True,8,16,16,90,60,0,0.0625,0.05625,0.05625,0.9
native_test_v2_48instances,pi05_pretrain_human300_75000_c484448,L0_target_only,ideal_rgbd_posed,native,primary_native,test,BM_BUDGET_MATCHED_NATIVE,PickPlaceCounterToCabinet,160,160,60,40,True,8,16,16,40,60,0,0.375,0.25,0.25,0.6666666666666666
native_test_v2_48instances,pi05_pretrain_human300_75000_c484448,L0_target_only,ideal_rgbd_posed,native,primary_native,test,BM_BUDGET_MATCHED_NATIVE,PickPlaceCounterToSink,160,160,50,16,True,8,16,16,30,80,0,0.3125,0.1,0.1,0.32
native_test_v2_48instances,pi05_pretrain_human300_75000_c484448,L0_target_only,ideal_rgbd_posed,native,primary_native,test,BM_BUDGET_MATCHED_NATIVE,PickPlaceSinkToCounter,160,160,10,9,True,8,16,16,100,50,0,0.0625,0.05625,0.05625,0.9
native_test_v2_48instances,pi05_pretrain_human300_75000_c484448,L0_target_only,ideal_rgbd_posed,native,primary_native,test,REF_NATIVE,PickPlaceCounterToCabinet,160,160,160,117,True,8,16,16,0,0,0,1.0,0.73125,0.73125,0.73125
native_test_v2_48instances,pi05_pretrain_human300_75000_c484448,L0_target_only,ideal_rgbd_posed,native,primary_native,test,REF_NATIVE,PickPlaceCounterToSink,160,160,160,129,True,8,16,16,0,0,0,1.0,0.80625,0.80625,0.80625
native_test_v2_48instances,pi05_pretrain_human300_75000_c484448,L0_target_only,ideal_rgbd_posed,native,primary_native,test,REF_NATIVE,PickPlaceSinkToCounter,160,160,160,135,True,8,16,16,0,0,0,1.0,0.84375,0.84375,0.84375
